accession_id,alias,title,description,biological_sex,subject_id,phenotype,extra_attributes,submission_accession_id,created_at,edited_at
EGAN00001076233,SAM637122,COR-L47,small cell lung carcinoma,unknown,,,"[{""tag"": ""ENA-SUBMISSION-TOOL"", ""unit"": null, ""value"": ""SRA-Webin""}, {""tag"": ""biosample_id"", ""value"": ""SAMEA2018991""}]",EGA00001076458,2012-08-22 08:47:37+02,2023-06-15 15:05:40.937194+02
EGAN00001568488,SAM638628,cell_line,cell line,unknown,SAM638628,EFO:0000322,"[{""tag"": ""ENA-CHECKLIST"", ""unit"": null, ""value"": ""ERC000026""}, {""tag"": ""biosample_id"", ""value"": ""SAMEA104176133""}]",EGA00001356592,2017-07-26 21:27:56+02,2023-06-15 15:09:37.67147+02
EGAN00001568489,SAM637051,cell_line,cell line,unknown,SAM637051,EFO:0000322,"[{""tag"": ""ENA-CHECKLIST"", ""unit"": null, ""value"": ""ERC000026""}, {""tag"": ""biosample_id"", ""value"": ""SAMEA104176134""}]",EGA00001356592,2017-07-26 21:27:56+02,2023-06-15 15:09:37.67147+02
EGAN00001568490,SAM637165,cell_line,cell line,unknown,SAM637165,EFO:0000322,"[{""tag"": ""ENA-CHECKLIST"", ""unit"": null, ""value"": ""ERC000026""}, {""tag"": ""biosample_id"", ""value"": ""SAMEA104176135""}]",EGA00001356592,2017-07-26 21:27:56+02,2023-06-15 15:09:37.67147+02
EGAN00001568491,SAM638544,cell_line,cell line,unknown,SAM638544,EFO:0000322,"[{""tag"": ""ENA-CHECKLIST"", ""unit"": null, ""value"": ""ERC000026""}, {""tag"": ""biosample_id"", ""value"": ""SAMEA104176136""}]",EGA00001356592,2017-07-26 21:27:56+02,2023-06-15 15:09:37.67147+02
EGAN00001568492,SAM638574,cell_line,cell line,unknown,SAM638574,EFO:0000322,"[{""tag"": ""ENA-CHECKLIST"", ""unit"": null, ""value"": ""ERC000026""}, {""tag"": ""biosample_id"", ""value"": ""SAMEA104176137""}]",EGA00001356592,2017-07-26 21:27:56+02,2023-06-15 15:09:37.67147+02
EGAN00001568493,SAM638568,cell_line,cell line,unknown,SAM638568,EFO:0000322,"[{""tag"": ""ENA-CHECKLIST"", ""unit"": null, ""value"": ""ERC000026""}, {""tag"": ""biosample_id"", ""value"": ""SAMEA104176138""}]",EGA00001356592,2017-07-26 21:27:56+02,2023-06-15 15:09:37.67147+02
EGAN00001568494,SAM635345,cell_line,cell line,unknown,SAM635345,EFO:0000322,"[{""tag"": ""ENA-CHECKLIST"", ""unit"": null, ""value"": ""ERC000026""}, {""tag"": ""biosample_id"", ""value"": ""SAMEA104176139""}]",EGA00001356592,2017-07-26 21:27:56+02,2023-06-15 15:09:37.67147+02
EGAN00001568495,SAM638598,cell_line,cell line,unknown,SAM638598,EFO:0000322,"[{""tag"": ""ENA-CHECKLIST"", ""unit"": null, ""value"": ""ERC000026""}, {""tag"": ""biosample_id"", ""value"": ""SAMEA104176140""}]",EGA00001356592,2017-07-26 21:27:56+02,2023-06-15 15:09:37.67147+02
EGAN00001568496,SAM636273,cell_line,cell line,unknown,SAM636273,EFO:0000322,"[{""tag"": ""ENA-CHECKLIST"", ""unit"": null, ""value"": ""ERC000026""}, {""tag"": ""biosample_id"", ""value"": ""SAMEA104176141""}]",EGA00001356592,2017-07-26 21:27:56+02,2023-06-15 15:09:37.67147+02
EGAN00001568497,SAM638615,cell_line,cell line,unknown,SAM638615,EFO:0000322,"[{""tag"": ""ENA-CHECKLIST"", ""unit"": null, ""value"": ""ERC000026""}, {""tag"": ""biosample_id"", ""value"": ""SAMEA104176142""}]",EGA00001356592,2017-07-26 21:27:56+02,2023-06-15 15:09:37.67147+02
EGAN00001568498,SAM638633,cell_line,cell line,unknown,SAM638633,EFO:0000322,"[{""tag"": ""ENA-CHECKLIST"", ""unit"": null, ""value"": ""ERC000026""}, {""tag"": ""biosample_id"", ""value"": ""SAMEA104176143""}]",EGA00001356592,2017-07-26 21:27:56+02,2023-06-15 15:09:37.67147+02
EGAN00001568499,SAM637162,cell_line,cell line,unknown,SAM637162,EFO:0000322,"[{""tag"": ""ENA-CHECKLIST"", ""unit"": null, ""value"": ""ERC000026""}, {""tag"": ""biosample_id"", ""value"": ""SAMEA104176144""}]",EGA00001356592,2017-07-26 21:27:56+02,2023-06-15 15:09:37.67147+02
EGAN00001568500,SAM635678,cell_line,cell line,unknown,SAM635678,EFO:0000322,"[{""tag"": ""ENA-CHECKLIST"", ""unit"": null, ""value"": ""ERC000026""}, {""tag"": ""biosample_id"", ""value"": ""SAMEA104176145""}]",EGA00001356592,2017-07-26 21:27:56+02,2023-06-15 15:09:37.67147+02
EGAN00001568501,SAM20882203,cell_line,cell line,unknown,SAM20882203,EFO:0000322,"[{""tag"": ""ENA-CHECKLIST"", ""unit"": null, ""value"": ""ERC000026""}, {""tag"": ""biosample_id"", ""value"": ""SAMEA104176146""}]",EGA00001356592,2017-07-26 21:27:56+02,2023-06-15 15:09:37.67147+02
EGAN00001568502,SAM638701,cell_line,cell line,unknown,SAM638701,EFO:0000322,"[{""tag"": ""ENA-CHECKLIST"", ""unit"": null, ""value"": ""ERC000026""}, {""tag"": ""biosample_id"", ""value"": ""SAMEA104176147""}]",EGA00001356592,2017-07-26 21:27:56+02,2023-06-15 15:09:37.67147+02
EGAN00001568503,SAM635338,cell_line,cell line,unknown,SAM635338,EFO:0000322,"[{""tag"": ""ENA-CHECKLIST"", ""unit"": null, ""value"": ""ERC000026""}, {""tag"": ""biosample_id"", ""value"": ""SAMEA104176148""}]",EGA00001356592,2017-07-26 21:27:56+02,2023-06-15 15:09:37.67147+02
EGAN00001568504,SAM635705,cell_line,cell line,unknown,SAM635705,EFO:0000322,"[{""tag"": ""ENA-CHECKLIST"", ""unit"": null, ""value"": ""ERC000026""}, {""tag"": ""biosample_id"", ""value"": ""SAMEA104176149""}]",EGA00001356592,2017-07-26 21:27:56+02,2023-06-15 15:09:37.67147+02
EGAN00001568505,SAM636284,cell_line,cell line,unknown,SAM636284,EFO:0000322,"[{""tag"": ""ENA-CHECKLIST"", ""unit"": null, ""value"": ""ERC000026""}, {""tag"": ""biosample_id"", ""value"": ""SAMEA104176150""}]",EGA00001356592,2017-07-26 21:27:56+02,2023-06-15 15:09:37.67147+02
EGAN00001568506,SAM636253,cell_line,cell line,unknown,SAM636253,EFO:0000322,"[{""tag"": ""ENA-CHECKLIST"", ""unit"": null, ""value"": ""ERC000026""}, {""tag"": ""biosample_id"", ""value"": ""SAMEA104176151""}]",EGA00001356592,2017-07-26 21:27:56+02,2023-06-15 15:09:37.67147+02
EGAN00001568507,SAM636320,cell_line,cell line,unknown,SAM636320,EFO:0000322,"[{""tag"": ""ENA-CHECKLIST"", ""unit"": null, ""value"": ""ERC000026""}, {""tag"": ""biosample_id"", ""value"": ""SAMEA104176152""}]",EGA00001356592,2017-07-26 21:27:56+02,2023-06-15 15:09:37.67147+02
EGAN00001568508,SAM636275,cell_line,cell line,unknown,SAM636275,EFO:0000322,"[{""tag"": ""ENA-CHECKLIST"", ""unit"": null, ""value"": ""ERC000026""}, {""tag"": ""biosample_id"", ""value"": ""SAMEA104176153""}]",EGA00001356592,2017-07-26 21:27:56+02,2023-06-15 15:09:37.67147+02
EGAN00001568509,SAM635662,cell_line,cell line,unknown,SAM635662,EFO:0000322,"[{""tag"": ""ENA-CHECKLIST"", ""unit"": null, ""value"": ""ERC000026""}, {""tag"": ""biosample_id"", ""value"": ""SAMEA104176154""}]",EGA00001356592,2017-07-26 21:27:56+02,2023-06-15 15:09:37.67147+02
EGAN00001568510,SAM635673,cell_line,cell line,unknown,SAM635673,EFO:0000322,"[{""tag"": ""ENA-CHECKLIST"", ""unit"": null, ""value"": ""ERC000026""}, {""tag"": ""biosample_id"", ""value"": ""SAMEA104176155""}]",EGA00001356592,2017-07-26 21:27:56+02,2023-06-15 15:09:37.67147+02
EGAN00001568511,SAM637172,cell_line,cell line,unknown,SAM637172,EFO:0000322,"[{""tag"": ""ENA-CHECKLIST"", ""unit"": null, ""value"": ""ERC000026""}, {""tag"": ""biosample_id"", ""value"": ""SAMEA104176156""}]",EGA00001356592,2017-07-26 21:27:56+02,2023-06-15 15:09:37.67147+02
EGAN00001568512,SAM638687,cell_line,cell line,unknown,SAM638687,EFO:0000322,"[{""tag"": ""ENA-CHECKLIST"", ""unit"": null, ""value"": ""ERC000026""}, {""tag"": ""biosample_id"", ""value"": ""SAMEA104176157""}]",EGA00001356592,2017-07-26 21:27:56+02,2023-06-15 15:09:37.67147+02
EGAN00001568513,SAM638548,cell_line,cell line,unknown,SAM638548,EFO:0000322,"[{""tag"": ""ENA-CHECKLIST"", ""unit"": null, ""value"": ""ERC000026""}, {""tag"": ""biosample_id"", ""value"": ""SAMEA104176158""}]",EGA00001356592,2017-07-26 21:27:56+02,2023-06-15 15:09:37.67147+02
EGAN00001568514,SAM635679,cell_line,cell line,unknown,SAM635679,EFO:0000322,"[{""tag"": ""ENA-CHECKLIST"", ""unit"": null, ""value"": ""ERC000026""}, {""tag"": ""biosample_id"", ""value"": ""SAMEA104176159""}]",EGA00001356592,2017-07-26 21:27:56+02,2023-06-15 15:09:37.67147+02
EGAN00001568515,SAM638635,cell_line,cell line,unknown,SAM638635,EFO:0000322,"[{""tag"": ""ENA-CHECKLIST"", ""unit"": null, ""value"": ""ERC000026""}, {""tag"": ""biosample_id"", ""value"": ""SAMEA104176160""}]",EGA00001356592,2017-07-26 21:27:56+02,2023-06-15 15:09:37.67147+02
EGAN00001568516,SAM636334,cell_line,cell line,unknown,SAM636334,EFO:0000322,"[{""tag"": ""ENA-CHECKLIST"", ""unit"": null, ""value"": ""ERC000026""}, {""tag"": ""biosample_id"", ""value"": ""SAMEA104176161""}]",EGA00001356592,2017-07-26 21:27:56+02,2023-06-15 15:09:37.67147+02
EGAN00001568517,SAM638674,cell_line,cell line,unknown,SAM638674,EFO:0000322,"[{""tag"": ""ENA-CHECKLIST"", ""unit"": null, ""value"": ""ERC000026""}, {""tag"": ""biosample_id"", ""value"": ""SAMEA104176162""}]",EGA00001356592,2017-07-26 21:27:56+02,2023-06-15 15:09:37.67147+02
EGAN00001568518,SAM635710,cell_line,cell line,unknown,SAM635710,EFO:0000322,"[{""tag"": ""ENA-CHECKLIST"", ""unit"": null, ""value"": ""ERC000026""}, {""tag"": ""biosample_id"", ""value"": ""SAMEA104176163""}]",EGA00001356592,2017-07-26 21:27:56+02,2023-06-15 15:09:37.67147+02
EGAN00001568519,SAM638713,cell_line,cell line,unknown,SAM638713,EFO:0000322,"[{""tag"": ""ENA-CHECKLIST"", ""unit"": null, ""value"": ""ERC000026""}, {""tag"": ""biosample_id"", ""value"": ""SAMEA104176164""}]",EGA00001356592,2017-07-26 21:27:56+02,2023-06-15 15:09:37.67147+02
EGAN00001568520,SAM638597,cell_line,cell line,unknown,SAM638597,EFO:0000322,"[{""tag"": ""ENA-CHECKLIST"", ""unit"": null, ""value"": ""ERC000026""}, {""tag"": ""biosample_id"", ""value"": ""SAMEA104176165""}]",EGA00001356592,2017-07-26 21:27:56+02,2023-06-15 15:09:37.67147+02
EGAN00001568521,SAM8979719,cell_line,cell line,unknown,SAM8979719,EFO:0000322,"[{""tag"": ""ENA-CHECKLIST"", ""unit"": null, ""value"": ""ERC000026""}, {""tag"": ""biosample_id"", ""value"": ""SAMEA104176166""}]",EGA00001356592,2017-07-26 21:27:56+02,2023-06-15 15:09:37.67147+02
EGAN00001568522,SAM638673,cell_line,cell line,unknown,SAM638673,EFO:0000322,"[{""tag"": ""ENA-CHECKLIST"", ""unit"": null, ""value"": ""ERC000026""}, {""tag"": ""biosample_id"", ""value"": ""SAMEA104176167""}]",EGA00001356592,2017-07-26 21:27:56+02,2023-06-15 15:09:37.67147+02
EGAN00001568523,SAM637020,cell_line,cell line,unknown,SAM637020,EFO:0000322,"[{""tag"": ""ENA-CHECKLIST"", ""unit"": null, ""value"": ""ERC000026""}, {""tag"": ""biosample_id"", ""value"": ""SAMEA104176168""}]",EGA00001356592,2017-07-26 21:27:56+02,2023-06-15 15:09:37.67147+02
EGAN00001568524,SAM636276,cell_line,cell line,unknown,SAM636276,EFO:0000322,"[{""tag"": ""ENA-CHECKLIST"", ""unit"": null, ""value"": ""ERC000026""}, {""tag"": ""biosample_id"", ""value"": ""SAMEA104176169""}]",EGA00001356592,2017-07-26 21:27:56+02,2023-06-15 15:09:37.67147+02
EGAN00001568525,SAM636337,cell_line,cell line,unknown,SAM636337,EFO:0000322,"[{""tag"": ""ENA-CHECKLIST"", ""unit"": null, ""value"": ""ERC000026""}, {""tag"": ""biosample_id"", ""value"": ""SAMEA104176170""}]",EGA00001356592,2017-07-26 21:27:56+02,2023-06-15 15:09:37.67147+02
EGAN00001568526,SAM636390,cell_line,cell line,unknown,SAM636390,EFO:0000322,"[{""tag"": ""ENA-CHECKLIST"", ""unit"": null, ""value"": ""ERC000026""}, {""tag"": ""biosample_id"", ""value"": ""SAMEA104176171""}]",EGA00001356592,2017-07-26 21:27:56+02,2023-06-15 15:09:37.67147+02
EGAN00001568527,SAM638620,cell_line,cell line,unknown,SAM638620,EFO:0000322,"[{""tag"": ""ENA-CHECKLIST"", ""unit"": null, ""value"": ""ERC000026""}, {""tag"": ""biosample_id"", ""value"": ""SAMEA104176172""}]",EGA00001356592,2017-07-26 21:27:56+02,2023-06-15 15:09:37.67147+02
EGAN00001568528,SAM635697,cell_line,cell line,unknown,SAM635697,EFO:0000322,"[{""tag"": ""ENA-CHECKLIST"", ""unit"": null, ""value"": ""ERC000026""}, {""tag"": ""biosample_id"", ""value"": ""SAMEA104176173""}]",EGA00001356592,2017-07-26 21:27:56+02,2023-06-15 15:09:37.67147+02
EGAN00001568529,SAM8979690,cell_line,cell line,unknown,SAM8979690,EFO:0000322,"[{""tag"": ""ENA-CHECKLIST"", ""unit"": null, ""value"": ""ERC000026""}, {""tag"": ""biosample_id"", ""value"": ""SAMEA104176174""}]",EGA00001356592,2017-07-26 21:27:56+02,2023-06-15 15:09:37.67147+02
EGAN00001568530,SAM8979686,cell_line,cell line,unknown,SAM8979686,EFO:0000322,"[{""tag"": ""ENA-CHECKLIST"", ""unit"": null, ""value"": ""ERC000026""}, {""tag"": ""biosample_id"", ""value"": ""SAMEA104176175""}]",EGA00001356592,2017-07-26 21:27:56+02,2023-06-15 15:09:37.67147+02
EGAN00001568531,SAM635722,cell_line,cell line,unknown,SAM635722,EFO:0000322,"[{""tag"": ""ENA-CHECKLIST"", ""unit"": null, ""value"": ""ERC000026""}, {""tag"": ""biosample_id"", ""value"": ""SAMEA104176176""}]",EGA00001356592,2017-07-26 21:27:56+02,2023-06-15 15:09:37.67147+02
EGAN00001568532,SAM638565,cell_line,cell line,unknown,SAM638565,EFO:0000322,"[{""tag"": ""ENA-CHECKLIST"", ""unit"": null, ""value"": ""ERC000026""}, {""tag"": ""biosample_id"", ""value"": ""SAMEA104176177""}]",EGA00001356592,2017-07-26 21:27:57+02,2023-06-15 15:09:37.67147+02
EGAN00001568533,SAM635347,cell_line,cell line,unknown,SAM635347,EFO:0000322,"[{""tag"": ""ENA-CHECKLIST"", ""unit"": null, ""value"": ""ERC000026""}, {""tag"": ""biosample_id"", ""value"": ""SAMEA104176178""}]",EGA00001356592,2017-07-26 21:27:57+02,2023-06-15 15:09:37.67147+02
EGAN00001568534,SAM8979722,cell_line,cell line,unknown,SAM8979722,EFO:0000322,"[{""tag"": ""ENA-CHECKLIST"", ""unit"": null, ""value"": ""ERC000026""}, {""tag"": ""biosample_id"", ""value"": ""SAMEA104176179""}]",EGA00001356592,2017-07-26 21:27:57+02,2023-06-15 15:09:37.67147+02
EGAN00001568535,SAM638655,cell_line,cell line,unknown,SAM638655,EFO:0000322,"[{""tag"": ""ENA-CHECKLIST"", ""unit"": null, ""value"": ""ERC000026""}, {""tag"": ""biosample_id"", ""value"": ""SAMEA104176180""}]",EGA00001356592,2017-07-26 21:27:57+02,2023-06-15 15:09:37.67147+02
EGAN00001568536,SAM638584,cell_line,cell line,unknown,SAM638584,EFO:0000322,"[{""tag"": ""ENA-CHECKLIST"", ""unit"": null, ""value"": ""ERC000026""}, {""tag"": ""biosample_id"", ""value"": ""SAMEA104176181""}]",EGA00001356592,2017-07-26 21:27:57+02,2023-06-15 15:09:37.67147+02
EGAN00001568537,SAM638703,cell_line,cell line,unknown,SAM638703,EFO:0000322,"[{""tag"": ""ENA-CHECKLIST"", ""unit"": null, ""value"": ""ERC000026""}, {""tag"": ""biosample_id"", ""value"": ""SAMEA104176182""}]",EGA00001356592,2017-07-26 21:27:57+02,2023-06-15 15:09:37.67147+02
EGAN00001568538,SAM635326,cell_line,cell line,unknown,SAM635326,EFO:0000322,"[{""tag"": ""ENA-CHECKLIST"", ""unit"": null, ""value"": ""ERC000026""}, {""tag"": ""biosample_id"", ""value"": ""SAMEA104176183""}]",EGA00001356592,2017-07-26 21:27:57+02,2023-06-15 15:09:37.67147+02
EGAN00001568539,SAM636327,cell_line,cell line,unknown,SAM636327,EFO:0000322,"[{""tag"": ""ENA-CHECKLIST"", ""unit"": null, ""value"": ""ERC000026""}, {""tag"": ""biosample_id"", ""value"": ""SAMEA104176184""}]",EGA00001356592,2017-07-26 21:27:57+02,2023-06-15 15:09:37.67147+02
EGAN00001568540,SAM636250,cell_line,cell line,unknown,SAM636250,EFO:0000322,"[{""tag"": ""ENA-CHECKLIST"", ""unit"": null, ""value"": ""ERC000026""}, {""tag"": ""biosample_id"", ""value"": ""SAMEA104176185""}]",EGA00001356592,2017-07-26 21:27:57+02,2023-06-15 15:09:37.67147+02
EGAN00001568541,SAM638686,cell_line,cell line,unknown,SAM638686,EFO:0000322,"[{""tag"": ""ENA-CHECKLIST"", ""unit"": null, ""value"": ""ERC000026""}, {""tag"": ""biosample_id"", ""value"": ""SAMEA104176186""}]",EGA00001356592,2017-07-26 21:27:57+02,2023-06-15 15:09:37.67147+02
EGAN00001568542,SAM638594,cell_line,cell line,unknown,SAM638594,EFO:0000322,"[{""tag"": ""ENA-CHECKLIST"", ""unit"": null, ""value"": ""ERC000026""}, {""tag"": ""biosample_id"", ""value"": ""SAMEA104176187""}]",EGA00001356592,2017-07-26 21:27:57+02,2023-06-15 15:09:37.67147+02
EGAN00001568543,SAM635333,cell_line,cell line,unknown,SAM635333,EFO:0000322,"[{""tag"": ""ENA-CHECKLIST"", ""unit"": null, ""value"": ""ERC000026""}, {""tag"": ""biosample_id"", ""value"": ""SAMEA104176188""}]",EGA00001356592,2017-07-26 21:27:57+02,2023-06-15 15:09:37.67147+02
EGAN00001568544,SAM638656,cell_line,cell line,unknown,SAM638656,EFO:0000322,"[{""tag"": ""ENA-CHECKLIST"", ""unit"": null, ""value"": ""ERC000026""}, {""tag"": ""biosample_id"", ""value"": ""SAMEA104176189""}]",EGA00001356592,2017-07-26 21:27:57+02,2023-06-15 15:09:37.67147+02
EGAN00001568545,SAM635332,cell_line,cell line,unknown,SAM635332,EFO:0000322,"[{""tag"": ""ENA-CHECKLIST"", ""unit"": null, ""value"": ""ERC000026""}, {""tag"": ""biosample_id"", ""value"": ""SAMEA104176190""}]",EGA00001356592,2017-07-26 21:27:57+02,2023-06-15 15:09:37.67147+02
EGAN00001568546,SAM638698,cell_line,cell line,unknown,SAM638698,EFO:0000322,"[{""tag"": ""ENA-CHECKLIST"", ""unit"": null, ""value"": ""ERC000026""}, {""tag"": ""biosample_id"", ""value"": ""SAMEA104176191""}]",EGA00001356592,2017-07-26 21:27:57+02,2023-06-15 15:09:37.67147+02
EGAN00001568547,SAM635671,cell_line,cell line,unknown,SAM635671,EFO:0000322,"[{""tag"": ""ENA-CHECKLIST"", ""unit"": null, ""value"": ""ERC000026""}, {""tag"": ""biosample_id"", ""value"": ""SAMEA104176192""}]",EGA00001356592,2017-07-26 21:27:57+02,2023-06-15 15:09:37.67147+02
EGAN00001568548,SAM638588,cell_line,cell line,unknown,SAM638588,EFO:0000322,"[{""tag"": ""ENA-CHECKLIST"", ""unit"": null, ""value"": ""ERC000026""}, {""tag"": ""biosample_id"", ""value"": ""SAMEA104176193""}]",EGA00001356592,2017-07-26 21:27:57+02,2023-06-15 15:09:37.67147+02
EGAN00001568549,SAM637119,cell_line,cell line,unknown,SAM637119,EFO:0000322,"[{""tag"": ""ENA-CHECKLIST"", ""unit"": null, ""value"": ""ERC000026""}, {""tag"": ""biosample_id"", ""value"": ""SAMEA104176194""}]",EGA00001356592,2017-07-26 21:27:57+02,2023-06-15 15:09:37.67147+02
EGAN00001568550,SAM638592,cell_line,cell line,unknown,SAM638592,EFO:0000322,"[{""tag"": ""ENA-CHECKLIST"", ""unit"": null, ""value"": ""ERC000026""}, {""tag"": ""biosample_id"", ""value"": ""SAMEA104176195""}]",EGA00001356592,2017-07-26 21:27:57+02,2023-06-15 15:09:37.67147+02
EGAN00001568551,SAM8979715,cell_line,cell line,unknown,SAM8979715,EFO:0000322,"[{""tag"": ""ENA-CHECKLIST"", ""unit"": null, ""value"": ""ERC000026""}, {""tag"": ""biosample_id"", ""value"": ""SAMEA104176196""}]",EGA00001356592,2017-07-26 21:27:57+02,2023-06-15 15:09:37.67147+02
EGAN00001568552,SAM13773940,cell_line,cell line,unknown,SAM13773940,EFO:0000322,"[{""tag"": ""ENA-CHECKLIST"", ""unit"": null, ""value"": ""ERC000026""}, {""tag"": ""biosample_id"", ""value"": ""SAMEA104176197""}]",EGA00001356592,2017-07-26 21:27:57+02,2023-06-15 15:09:37.67147+02
EGAN00001568553,SAM637068,cell_line,cell line,unknown,SAM637068,EFO:0000322,"[{""tag"": ""ENA-CHECKLIST"", ""unit"": null, ""value"": ""ERC000026""}, {""tag"": ""biosample_id"", ""value"": ""SAMEA104176198""}]",EGA00001356592,2017-07-26 21:27:57+02,2023-06-15 15:09:37.67147+02
EGAN00001568554,SAM636364,cell_line,cell line,unknown,SAM636364,EFO:0000322,"[{""tag"": ""ENA-CHECKLIST"", ""unit"": null, ""value"": ""ERC000026""}, {""tag"": ""biosample_id"", ""value"": ""SAMEA104176199""}]",EGA00001356592,2017-07-26 21:27:57+02,2023-06-15 15:09:37.67147+02
EGAN00001568555,SAM636248,cell_line,cell line,unknown,SAM636248,EFO:0000322,"[{""tag"": ""ENA-CHECKLIST"", ""unit"": null, ""value"": ""ERC000026""}, {""tag"": ""biosample_id"", ""value"": ""SAMEA104176200""}]",EGA00001356592,2017-07-26 21:27:57+02,2023-06-15 15:09:37.67147+02
EGAN00001568556,SAM638609,cell_line,cell line,unknown,SAM638609,EFO:0000322,"[{""tag"": ""ENA-CHECKLIST"", ""unit"": null, ""value"": ""ERC000026""}, {""tag"": ""biosample_id"", ""value"": ""SAMEA104176201""}]",EGA00001356592,2017-07-26 21:27:57+02,2023-06-15 15:09:37.67147+02
EGAN00001568557,SAM635346,cell_line,cell line,unknown,SAM635346,EFO:0000322,"[{""tag"": ""ENA-CHECKLIST"", ""unit"": null, ""value"": ""ERC000026""}, {""tag"": ""biosample_id"", ""value"": ""SAMEA104176202""}]",EGA00001356592,2017-07-26 21:27:57+02,2023-06-15 15:09:37.67147+02
EGAN00001568558,SAM638613,cell_line,cell line,unknown,SAM638613,EFO:0000322,"[{""tag"": ""ENA-CHECKLIST"", ""unit"": null, ""value"": ""ERC000026""}, {""tag"": ""biosample_id"", ""value"": ""SAMEA104176203""}]",EGA00001356592,2017-07-26 21:27:57+02,2023-06-15 15:09:37.67147+02
EGAN00001568559,SAM636277,cell_line,cell line,unknown,SAM636277,EFO:0000322,"[{""tag"": ""ENA-CHECKLIST"", ""unit"": null, ""value"": ""ERC000026""}, {""tag"": ""biosample_id"", ""value"": ""SAMEA104176204""}]",EGA00001356592,2017-07-26 21:27:57+02,2023-06-15 15:09:37.67147+02
EGAN00001568560,SAM638587,cell_line,cell line,unknown,SAM638587,EFO:0000322,"[{""tag"": ""ENA-CHECKLIST"", ""unit"": null, ""value"": ""ERC000026""}, {""tag"": ""biosample_id"", ""value"": ""SAMEA104176205""}]",EGA00001356592,2017-07-26 21:27:57+02,2023-06-15 15:09:37.67147+02
EGAN00001568561,SAM636279,cell_line,cell line,unknown,SAM636279,EFO:0000322,"[{""tag"": ""ENA-CHECKLIST"", ""unit"": null, ""value"": ""ERC000026""}, {""tag"": ""biosample_id"", ""value"": ""SAMEA104176206""}]",EGA00001356592,2017-07-26 21:27:57+02,2023-06-15 15:09:37.67147+02
EGAN00001568562,SAM637079,cell_line,cell line,unknown,SAM637079,EFO:0000322,"[{""tag"": ""ENA-CHECKLIST"", ""unit"": null, ""value"": ""ERC000026""}, {""tag"": ""biosample_id"", ""value"": ""SAMEA104176207""}]",EGA00001356592,2017-07-26 21:27:57+02,2023-06-15 15:09:37.67147+02
EGAN00001568563,SAM635672,cell_line,cell line,unknown,SAM635672,EFO:0000322,"[{""tag"": ""ENA-CHECKLIST"", ""unit"": null, ""value"": ""ERC000026""}, {""tag"": ""biosample_id"", ""value"": ""SAMEA104176208""}]",EGA00001356592,2017-07-26 21:27:57+02,2023-06-15 15:09:37.67147+02
EGAN00001568564,SAM8979698,cell_line,cell line,unknown,SAM8979698,EFO:0000322,"[{""tag"": ""ENA-CHECKLIST"", ""unit"": null, ""value"": ""ERC000026""}, {""tag"": ""biosample_id"", ""value"": ""SAMEA104176209""}]",EGA00001356592,2017-07-26 21:27:57+02,2023-06-15 15:09:37.67147+02
EGAN00001568565,SAM638710,cell_line,cell line,unknown,SAM638710,EFO:0000322,"[{""tag"": ""ENA-CHECKLIST"", ""unit"": null, ""value"": ""ERC000026""}, {""tag"": ""biosample_id"", ""value"": ""SAMEA104176210""}]",EGA00001356592,2017-07-26 21:27:57+02,2023-06-15 15:09:37.67147+02
EGAN00001568566,SAM635717,cell_line,cell line,unknown,SAM635717,EFO:0000322,"[{""tag"": ""ENA-CHECKLIST"", ""unit"": null, ""value"": ""ERC000026""}, {""tag"": ""biosample_id"", ""value"": ""SAMEA104176211""}]",EGA00001356592,2017-07-26 21:27:57+02,2023-06-15 15:09:37.67147+02
EGAN00001568567,SAM638593,cell_line,cell line,unknown,SAM638593,EFO:0000322,"[{""tag"": ""ENA-CHECKLIST"", ""unit"": null, ""value"": ""ERC000026""}, {""tag"": ""biosample_id"", ""value"": ""SAMEA104176212""}]",EGA00001356592,2017-07-26 21:27:57+02,2023-06-15 15:09:37.67147+02
EGAN00001568568,SAM638662,cell_line,cell line,unknown,SAM638662,EFO:0000322,"[{""tag"": ""ENA-CHECKLIST"", ""unit"": null, ""value"": ""ERC000026""}, {""tag"": ""biosample_id"", ""value"": ""SAMEA104176213""}]",EGA00001356592,2017-07-26 21:27:57+02,2023-06-15 15:09:37.67147+02
EGAN00001568569,SAM8979680,cell_line,cell line,unknown,SAM8979680,EFO:0000322,"[{""tag"": ""ENA-CHECKLIST"", ""unit"": null, ""value"": ""ERC000026""}, {""tag"": ""biosample_id"", ""value"": ""SAMEA104176214""}]",EGA00001356592,2017-07-26 21:27:57+02,2023-06-15 15:09:37.67147+02
EGAN00001568570,SAM20882294,cell_line,cell line,unknown,SAM20882294,EFO:0000322,"[{""tag"": ""ENA-CHECKLIST"", ""unit"": null, ""value"": ""ERC000026""}, {""tag"": ""biosample_id"", ""value"": ""SAMEA104176215""}]",EGA00001356592,2017-07-26 21:27:57+02,2023-06-15 15:09:37.67147+02
EGAN00001568571,SAM8979703,cell_line,cell line,unknown,SAM8979703,EFO:0000322,"[{""tag"": ""ENA-CHECKLIST"", ""unit"": null, ""value"": ""ERC000026""}, {""tag"": ""biosample_id"", ""value"": ""SAMEA104176216""}]",EGA00001356592,2017-07-26 21:27:57+02,2023-06-15 15:09:37.67147+02
EGAN00001568572,SAM636225,cell_line,cell line,unknown,SAM636225,EFO:0000322,"[{""tag"": ""ENA-CHECKLIST"", ""unit"": null, ""value"": ""ERC000026""}, {""tag"": ""biosample_id"", ""value"": ""SAMEA104176217""}]",EGA00001356592,2017-07-26 21:27:57+02,2023-06-15 15:09:37.67147+02
EGAN00001568573,SAM638585,cell_line,cell line,unknown,SAM638585,EFO:0000322,"[{""tag"": ""ENA-CHECKLIST"", ""unit"": null, ""value"": ""ERC000026""}, {""tag"": ""biosample_id"", ""value"": ""SAMEA104176218""}]",EGA00001356592,2017-07-26 21:27:57+02,2023-06-15 15:09:37.67147+02
EGAN00001568574,SAM637120,cell_line,cell line,unknown,SAM637120,EFO:0000322,"[{""tag"": ""ENA-CHECKLIST"", ""unit"": null, ""value"": ""ERC000026""}, {""tag"": ""biosample_id"", ""value"": ""SAMEA104176219""}]",EGA00001356592,2017-07-26 21:27:57+02,2023-06-15 15:09:37.67147+02
EGAN00001568575,SAM20882185,cell_line,cell line,unknown,SAM20882185,EFO:0000322,"[{""tag"": ""ENA-CHECKLIST"", ""unit"": null, ""value"": ""ERC000026""}, {""tag"": ""biosample_id"", ""value"": ""SAMEA104176220""}]",EGA00001356592,2017-07-26 21:27:57+02,2023-06-15 15:09:37.67147+02
EGAN00001568576,SAM638604,cell_line,cell line,unknown,SAM638604,EFO:0000322,"[{""tag"": ""ENA-CHECKLIST"", ""unit"": null, ""value"": ""ERC000026""}, {""tag"": ""biosample_id"", ""value"": ""SAMEA104176221""}]",EGA00001356592,2017-07-26 21:27:58+02,2023-06-15 15:09:37.67147+02
EGAN00001568577,SAM20882192,cell_line,cell line,unknown,SAM20882192,EFO:0000322,"[{""tag"": ""ENA-CHECKLIST"", ""unit"": null, ""value"": ""ERC000026""}, {""tag"": ""biosample_id"", ""value"": ""SAMEA104176222""}]",EGA00001356592,2017-07-26 21:27:58+02,2023-06-15 15:09:37.67147+02
EGAN00001568578,SAM636377,cell_line,cell line,unknown,SAM636377,EFO:0000322,"[{""tag"": ""ENA-CHECKLIST"", ""unit"": null, ""value"": ""ERC000026""}, {""tag"": ""biosample_id"", ""value"": ""SAMEA104176223""}]",EGA00001356592,2017-07-26 21:27:58+02,2023-06-15 15:09:37.67147+02
EGAN00001568579,SAM635715,cell_line,cell line,unknown,SAM635715,EFO:0000322,"[{""tag"": ""ENA-CHECKLIST"", ""unit"": null, ""value"": ""ERC000026""}, {""tag"": ""biosample_id"", ""value"": ""SAMEA104176224""}]",EGA00001356592,2017-07-26 21:27:58+02,2023-06-15 15:09:37.67147+02
EGAN00001568580,SAM635676,cell_line,cell line,unknown,SAM635676,EFO:0000322,"[{""tag"": ""ENA-CHECKLIST"", ""unit"": null, ""value"": ""ERC000026""}, {""tag"": ""biosample_id"", ""value"": ""SAMEA104176225""}]",EGA00001356592,2017-07-26 21:27:58+02,2023-06-15 15:09:37.67147+02
EGAN00001568581,SAM8979685,cell_line,cell line,unknown,SAM8979685,EFO:0000322,"[{""tag"": ""ENA-CHECKLIST"", ""unit"": null, ""value"": ""ERC000026""}, {""tag"": ""biosample_id"", ""value"": ""SAMEA104176226""}]",EGA00001356592,2017-07-26 21:27:58+02,2023-06-15 15:09:37.67147+02
EGAN00001568582,SAM638684,cell_line,cell line,unknown,SAM638684,EFO:0000322,"[{""tag"": ""ENA-CHECKLIST"", ""unit"": null, ""value"": ""ERC000026""}, {""tag"": ""biosample_id"", ""value"": ""SAMEA104176227""}]",EGA00001356592,2017-07-26 21:27:58+02,2023-06-15 15:09:37.67147+02
EGAN00001568583,SAM8979728,cell_line,cell line,unknown,SAM8979728,EFO:0000322,"[{""tag"": ""ENA-CHECKLIST"", ""unit"": null, ""value"": ""ERC000026""}, {""tag"": ""biosample_id"", ""value"": ""SAMEA104176228""}]",EGA00001356592,2017-07-26 21:27:58+02,2023-06-15 15:09:37.67147+02
EGAN00001568584,SAM20882266,cell_line,cell line,unknown,SAM20882266,EFO:0000322,"[{""tag"": ""ENA-CHECKLIST"", ""unit"": null, ""value"": ""ERC000026""}, {""tag"": ""biosample_id"", ""value"": ""SAMEA104176229""}]",EGA00001356592,2017-07-26 21:27:58+02,2023-06-15 15:09:37.67147+02
EGAN00001568585,SAM636379,cell_line,cell line,unknown,SAM636379,EFO:0000322,"[{""tag"": ""ENA-CHECKLIST"", ""unit"": null, ""value"": ""ERC000026""}, {""tag"": ""biosample_id"", ""value"": ""SAMEA104176230""}]",EGA00001356592,2017-07-26 21:27:58+02,2023-06-15 15:09:37.67147+02
EGAN00001568586,SAM638612,cell_line,cell line,unknown,SAM638612,EFO:0000322,"[{""tag"": ""ENA-CHECKLIST"", ""unit"": null, ""value"": ""ERC000026""}, {""tag"": ""biosample_id"", ""value"": ""SAMEA104176231""}]",EGA00001356592,2017-07-26 21:27:58+02,2023-06-15 15:09:37.67147+02
EGAN00001568587,SAM635670,cell_line,cell line,unknown,SAM635670,EFO:0000322,"[{""tag"": ""ENA-CHECKLIST"", ""unit"": null, ""value"": ""ERC000026""}, {""tag"": ""biosample_id"", ""value"": ""SAMEA104176232""}]",EGA00001356592,2017-07-26 21:27:58+02,2023-06-15 15:09:37.67147+02
EGAN00001568588,SAM638546,cell_line,cell line,unknown,SAM638546,EFO:0000322,"[{""tag"": ""ENA-CHECKLIST"", ""unit"": null, ""value"": ""ERC000026""}, {""tag"": ""biosample_id"", ""value"": ""SAMEA104176233""}]",EGA00001356592,2017-07-26 21:27:58+02,2023-06-15 15:09:37.67147+02
EGAN00001568589,SAM638566,cell_line,cell line,unknown,SAM638566,EFO:0000322,"[{""tag"": ""ENA-CHECKLIST"", ""unit"": null, ""value"": ""ERC000026""}, {""tag"": ""biosample_id"", ""value"": ""SAMEA104176234""}]",EGA00001356592,2017-07-26 21:27:58+02,2023-06-15 15:09:37.67147+02
EGAN00001568590,SAM638677,cell_line,cell line,unknown,SAM638677,EFO:0000322,"[{""tag"": ""ENA-CHECKLIST"", ""unit"": null, ""value"": ""ERC000026""}, {""tag"": ""biosample_id"", ""value"": ""SAMEA104176235""}]",EGA00001356592,2017-07-26 21:27:58+02,2023-06-15 15:09:37.67147+02
EGAN00001568591,SAM638539,cell_line,cell line,unknown,SAM638539,EFO:0000322,"[{""tag"": ""ENA-CHECKLIST"", ""unit"": null, ""value"": ""ERC000026""}, {""tag"": ""biosample_id"", ""value"": ""SAMEA104176236""}]",EGA00001356592,2017-07-26 21:27:58+02,2023-06-15 15:09:37.67147+02
EGAN00001568592,SAM636222,cell_line,cell line,unknown,SAM636222,EFO:0000322,"[{""tag"": ""ENA-CHECKLIST"", ""unit"": null, ""value"": ""ERC000026""}, {""tag"": ""biosample_id"", ""value"": ""SAMEA104176237""}]",EGA00001356592,2017-07-26 21:27:58+02,2023-06-15 15:09:37.67147+02
EGAN00001568593,SAM636274,cell_line,cell line,unknown,SAM636274,EFO:0000322,"[{""tag"": ""ENA-CHECKLIST"", ""unit"": null, ""value"": ""ERC000026""}, {""tag"": ""biosample_id"", ""value"": ""SAMEA104176238""}]",EGA00001356592,2017-07-26 21:27:58+02,2023-06-15 15:09:37.67147+02
EGAN00001568594,SAM638716,cell_line,cell line,unknown,SAM638716,EFO:0000322,"[{""tag"": ""ENA-CHECKLIST"", ""unit"": null, ""value"": ""ERC000026""}, {""tag"": ""biosample_id"", ""value"": ""SAMEA104176239""}]",EGA00001356592,2017-07-26 21:27:58+02,2023-06-15 15:09:37.67147+02
EGAN00001568595,SAM20882291,cell_line,cell line,unknown,SAM20882291,EFO:0000322,"[{""tag"": ""ENA-CHECKLIST"", ""unit"": null, ""value"": ""ERC000026""}, {""tag"": ""biosample_id"", ""value"": ""SAMEA104176240""}]",EGA00001356592,2017-07-26 21:27:58+02,2023-06-15 15:09:37.67147+02
EGAN00001568596,SAM636432,cell_line,cell line,unknown,SAM636432,EFO:0000322,"[{""tag"": ""ENA-CHECKLIST"", ""unit"": null, ""value"": ""ERC000026""}, {""tag"": ""biosample_id"", ""value"": ""SAMEA104176241""}]",EGA00001356592,2017-07-26 21:27:58+02,2023-06-15 15:09:37.67147+02
EGAN00001568597,SAM636422,cell_line,cell line,unknown,SAM636422,EFO:0000322,"[{""tag"": ""ENA-CHECKLIST"", ""unit"": null, ""value"": ""ERC000026""}, {""tag"": ""biosample_id"", ""value"": ""SAMEA104176242""}]",EGA00001356592,2017-07-26 21:27:58+02,2023-06-15 15:09:37.67147+02
EGAN00001568598,SAM638678,cell_line,cell line,unknown,SAM638678,EFO:0000322,"[{""tag"": ""ENA-CHECKLIST"", ""unit"": null, ""value"": ""ERC000026""}, {""tag"": ""biosample_id"", ""value"": ""SAMEA104176243""}]",EGA00001356592,2017-07-26 21:27:58+02,2023-06-15 15:09:37.67147+02
EGAN00001568599,SAM637166,cell_line,cell line,unknown,SAM637166,EFO:0000322,"[{""tag"": ""ENA-CHECKLIST"", ""unit"": null, ""value"": ""ERC000026""}, {""tag"": ""biosample_id"", ""value"": ""SAMEA104176244""}]",EGA00001356592,2017-07-26 21:27:58+02,2023-06-15 15:09:37.67147+02
EGAN00001568600,SAM638573,cell_line,cell line,unknown,SAM638573,EFO:0000322,"[{""tag"": ""ENA-CHECKLIST"", ""unit"": null, ""value"": ""ERC000026""}, {""tag"": ""biosample_id"", ""value"": ""SAMEA104176245""}]",EGA00001356592,2017-07-26 21:27:58+02,2023-06-15 15:09:37.67147+02
EGAN00001568601,SAM20882212,cell_line,cell line,unknown,SAM20882212,EFO:0000322,"[{""tag"": ""ENA-CHECKLIST"", ""unit"": null, ""value"": ""ERC000026""}, {""tag"": ""biosample_id"", ""value"": ""SAMEA104176246""}]",EGA00001356592,2017-07-26 21:27:58+02,2023-06-15 15:09:37.67147+02
EGAN00001568602,SAM639011,cell_line,cell line,unknown,SAM639011,EFO:0000322,"[{""tag"": ""ENA-CHECKLIST"", ""unit"": null, ""value"": ""ERC000026""}, {""tag"": ""biosample_id"", ""value"": ""SAMEA104176247""}]",EGA00001356592,2017-07-26 21:27:58+02,2023-06-15 15:09:37.67147+02
EGAN00001568603,SAM635340,cell_line,cell line,unknown,SAM635340,EFO:0000322,"[{""tag"": ""ENA-CHECKLIST"", ""unit"": null, ""value"": ""ERC000026""}, {""tag"": ""biosample_id"", ""value"": ""SAMEA104176248""}]",EGA00001356592,2017-07-26 21:27:58+02,2023-06-15 15:09:37.67147+02
EGAN00001568604,SAM638607,cell_line,cell line,unknown,SAM638607,EFO:0000322,"[{""tag"": ""ENA-CHECKLIST"", ""unit"": null, ""value"": ""ERC000026""}, {""tag"": ""biosample_id"", ""value"": ""SAMEA104176249""}]",EGA00001356592,2017-07-26 21:27:58+02,2023-06-15 15:09:37.67147+02
EGAN00001568605,SAM638667,cell_line,cell line,unknown,SAM638667,EFO:0000322,"[{""tag"": ""ENA-CHECKLIST"", ""unit"": null, ""value"": ""ERC000026""}, {""tag"": ""biosample_id"", ""value"": ""SAMEA104176250""}]",EGA00001356592,2017-07-26 21:27:58+02,2023-06-15 15:09:37.67147+02
EGAN00001568606,SAM8979581,cell_line,cell line,unknown,SAM8979581,EFO:0000322,"[{""tag"": ""ENA-CHECKLIST"", ""unit"": null, ""value"": ""ERC000026""}, {""tag"": ""biosample_id"", ""value"": ""SAMEA104176251""}]",EGA00001356592,2017-07-26 21:27:58+02,2023-06-15 15:09:37.67147+02
EGAN00001568607,SAM636381,cell_line,cell line,unknown,SAM636381,EFO:0000322,"[{""tag"": ""ENA-CHECKLIST"", ""unit"": null, ""value"": ""ERC000026""}, {""tag"": ""biosample_id"", ""value"": ""SAMEA104176252""}]",EGA00001356592,2017-07-26 21:27:58+02,2023-06-15 15:09:37.67147+02
EGAN00001568608,SAM636330,cell_line,cell line,unknown,SAM636330,EFO:0000322,"[{""tag"": ""ENA-CHECKLIST"", ""unit"": null, ""value"": ""ERC000026""}, {""tag"": ""biosample_id"", ""value"": ""SAMEA104176253""}]",EGA00001356592,2017-07-26 21:27:58+02,2023-06-15 15:09:37.67147+02
EGAN00001568609,SAM638660,cell_line,cell line,unknown,SAM638660,EFO:0000322,"[{""tag"": ""ENA-CHECKLIST"", ""unit"": null, ""value"": ""ERC000026""}, {""tag"": ""biosample_id"", ""value"": ""SAMEA104176254""}]",EGA00001356592,2017-07-26 21:27:58+02,2023-06-15 15:09:37.67147+02
EGAN00001568610,SAM8979609,cell_line,cell line,unknown,SAM8979609,EFO:0000322,"[{""tag"": ""ENA-CHECKLIST"", ""unit"": null, ""value"": ""ERC000026""}, {""tag"": ""biosample_id"", ""value"": ""SAMEA104176255""}]",EGA00001356592,2017-07-26 21:27:58+02,2023-06-15 15:09:37.67147+02
EGAN00001568611,SAM636380,cell_line,cell line,unknown,SAM636380,EFO:0000322,"[{""tag"": ""ENA-CHECKLIST"", ""unit"": null, ""value"": ""ERC000026""}, {""tag"": ""biosample_id"", ""value"": ""SAMEA104176256""}]",EGA00001356592,2017-07-26 21:27:58+02,2023-06-15 15:09:37.67147+02
EGAN00001568612,SAM635339,cell_line,cell line,unknown,SAM635339,EFO:0000322,"[{""tag"": ""ENA-CHECKLIST"", ""unit"": null, ""value"": ""ERC000026""}, {""tag"": ""biosample_id"", ""value"": ""SAMEA104176257""}]",EGA00001356592,2017-07-26 21:27:58+02,2023-06-15 15:09:37.67147+02
EGAN00001568613,SAM636246,cell_line,cell line,unknown,SAM636246,EFO:0000322,"[{""tag"": ""ENA-CHECKLIST"", ""unit"": null, ""value"": ""ERC000026""}, {""tag"": ""biosample_id"", ""value"": ""SAMEA104176258""}]",EGA00001356592,2017-07-26 21:27:58+02,2023-06-15 15:09:37.67147+02
EGAN00001568614,SAM636428,cell_line,cell line,unknown,SAM636428,EFO:0000322,"[{""tag"": ""ENA-CHECKLIST"", ""unit"": null, ""value"": ""ERC000026""}, {""tag"": ""biosample_id"", ""value"": ""SAMEA104176259""}]",EGA00001356592,2017-07-26 21:27:58+02,2023-06-15 15:09:37.67147+02
EGAN00001568615,SAM636254,cell_line,cell line,unknown,SAM636254,EFO:0000322,"[{""tag"": ""ENA-CHECKLIST"", ""unit"": null, ""value"": ""ERC000026""}, {""tag"": ""biosample_id"", ""value"": ""SAMEA104176260""}]",EGA00001356592,2017-07-26 21:27:58+02,2023-06-15 15:09:37.67147+02
EGAN00001568616,SAM638616,cell_line,cell line,unknown,SAM638616,EFO:0000322,"[{""tag"": ""ENA-CHECKLIST"", ""unit"": null, ""value"": ""ERC000026""}, {""tag"": ""biosample_id"", ""value"": ""SAMEA104176261""}]",EGA00001356592,2017-07-26 21:27:58+02,2023-06-15 15:09:37.67147+02
EGAN00001568617,SAM638610,cell_line,cell line,unknown,SAM638610,EFO:0000322,"[{""tag"": ""ENA-CHECKLIST"", ""unit"": null, ""value"": ""ERC000026""}, {""tag"": ""biosample_id"", ""value"": ""SAMEA104176262""}]",EGA00001356592,2017-07-26 21:27:58+02,2023-06-15 15:09:37.67147+02
EGAN00001568618,SAM638590,cell_line,cell line,unknown,SAM638590,EFO:0000322,"[{""tag"": ""ENA-CHECKLIST"", ""unit"": null, ""value"": ""ERC000026""}, {""tag"": ""biosample_id"", ""value"": ""SAMEA104176263""}]",EGA00001356592,2017-07-26 21:27:58+02,2023-06-15 15:09:37.67147+02
EGAN00001568619,SAM638709,cell_line,cell line,unknown,SAM638709,EFO:0000322,"[{""tag"": ""ENA-CHECKLIST"", ""unit"": null, ""value"": ""ERC000026""}, {""tag"": ""biosample_id"", ""value"": ""SAMEA104176264""}]",EGA00001356592,2017-07-26 21:27:58+02,2023-06-15 15:09:37.67147+02
EGAN00001568620,SAM638600,cell_line,cell line,unknown,SAM638600,EFO:0000322,"[{""tag"": ""ENA-CHECKLIST"", ""unit"": null, ""value"": ""ERC000026""}, {""tag"": ""biosample_id"", ""value"": ""SAMEA104176265""}]",EGA00001356592,2017-07-26 21:27:59+02,2023-06-15 15:09:37.67147+02
EGAN00001568621,SAM8979568,cell_line,cell line,unknown,SAM8979568,EFO:0000322,"[{""tag"": ""ENA-CHECKLIST"", ""unit"": null, ""value"": ""ERC000026""}, {""tag"": ""biosample_id"", ""value"": ""SAMEA104176266""}]",EGA00001356592,2017-07-26 21:27:59+02,2023-06-15 15:09:37.67147+02
EGAN00001568622,SAM638561,cell_line,cell line,unknown,SAM638561,EFO:0000322,"[{""tag"": ""ENA-CHECKLIST"", ""unit"": null, ""value"": ""ERC000026""}, {""tag"": ""biosample_id"", ""value"": ""SAMEA104176267""}]",EGA00001356592,2017-07-26 21:27:59+02,2023-06-15 15:09:37.67147+02
EGAN00001568623,SAM638659,cell_line,cell line,unknown,SAM638659,EFO:0000322,"[{""tag"": ""ENA-CHECKLIST"", ""unit"": null, ""value"": ""ERC000026""}, {""tag"": ""biosample_id"", ""value"": ""SAMEA104176268""}]",EGA00001356592,2017-07-26 21:27:59+02,2023-06-15 15:09:37.67147+02
EGAN00001568624,SAM638630,cell_line,cell line,unknown,SAM638630,EFO:0000322,"[{""tag"": ""ENA-CHECKLIST"", ""unit"": null, ""value"": ""ERC000026""}, {""tag"": ""biosample_id"", ""value"": ""SAMEA104176269""}]",EGA00001356592,2017-07-26 21:27:59+02,2023-06-15 15:09:37.67147+02
EGAN00001568625,SAM638618,cell_line,cell line,unknown,SAM638618,EFO:0000322,"[{""tag"": ""ENA-CHECKLIST"", ""unit"": null, ""value"": ""ERC000026""}, {""tag"": ""biosample_id"", ""value"": ""SAMEA104176270""}]",EGA00001356592,2017-07-26 21:27:59+02,2023-06-15 15:09:37.67147+02
EGAN00001568626,SAM8979693,cell_line,cell line,unknown,SAM8979693,EFO:0000322,"[{""tag"": ""ENA-CHECKLIST"", ""unit"": null, ""value"": ""ERC000026""}, {""tag"": ""biosample_id"", ""value"": ""SAMEA104176271""}]",EGA00001356592,2017-07-26 21:27:59+02,2023-06-15 15:09:37.67147+02
EGAN00001568627,SAM638652,cell_line,cell line,unknown,SAM638652,EFO:0000322,"[{""tag"": ""ENA-CHECKLIST"", ""unit"": null, ""value"": ""ERC000026""}, {""tag"": ""biosample_id"", ""value"": ""SAMEA104176272""}]",EGA00001356592,2017-07-26 21:27:59+02,2023-06-15 15:09:37.67147+02
EGAN00001568628,SAM635329,cell_line,cell line,unknown,SAM635329,EFO:0000322,"[{""tag"": ""ENA-CHECKLIST"", ""unit"": null, ""value"": ""ERC000026""}, {""tag"": ""biosample_id"", ""value"": ""SAMEA104176273""}]",EGA00001356592,2017-07-26 21:27:59+02,2023-06-15 15:09:37.67147+02
EGAN00001568629,SAM635682,cell_line,cell line,unknown,SAM635682,EFO:0000322,"[{""tag"": ""ENA-CHECKLIST"", ""unit"": null, ""value"": ""ERC000026""}, {""tag"": ""biosample_id"", ""value"": ""SAMEA104176274""}]",EGA00001356592,2017-07-26 21:27:59+02,2023-06-15 15:09:37.67147+02
EGAN00001568630,SAM20882228,cell_line,cell line,unknown,SAM20882228,EFO:0000322,"[{""tag"": ""ENA-CHECKLIST"", ""unit"": null, ""value"": ""ERC000026""}, {""tag"": ""biosample_id"", ""value"": ""SAMEA104176275""}]",EGA00001356592,2017-07-26 21:27:59+02,2023-06-15 15:09:37.67147+02
EGAN00001568631,SAM637118,cell_line,cell line,unknown,SAM637118,EFO:0000322,"[{""tag"": ""ENA-CHECKLIST"", ""unit"": null, ""value"": ""ERC000026""}, {""tag"": ""biosample_id"", ""value"": ""SAMEA104176276""}]",EGA00001356592,2017-07-26 21:27:59+02,2023-06-15 15:09:37.67147+02
EGAN00001568632,SAM8979687,cell_line,cell line,unknown,SAM8979687,EFO:0000322,"[{""tag"": ""ENA-CHECKLIST"", ""unit"": null, ""value"": ""ERC000026""}, {""tag"": ""biosample_id"", ""value"": ""SAMEA104176277""}]",EGA00001356592,2017-07-26 21:27:59+02,2023-06-15 15:09:37.67147+02
EGAN00001568633,SAM636411,cell_line,cell line,unknown,SAM636411,EFO:0000322,"[{""tag"": ""ENA-CHECKLIST"", ""unit"": null, ""value"": ""ERC000026""}, {""tag"": ""biosample_id"", ""value"": ""SAMEA104176278""}]",EGA00001356592,2017-07-26 21:27:59+02,2023-06-15 15:09:37.67147+02
EGAN00001568634,SAM636227,cell_line,cell line,unknown,SAM636227,EFO:0000322,"[{""tag"": ""ENA-CHECKLIST"", ""unit"": null, ""value"": ""ERC000026""}, {""tag"": ""biosample_id"", ""value"": ""SAMEA104176279""}]",EGA00001356592,2017-07-26 21:27:59+02,2023-06-15 15:09:37.67147+02
EGAN00001568635,SAM636228,cell_line,cell line,unknown,SAM636228,EFO:0000322,"[{""tag"": ""ENA-CHECKLIST"", ""unit"": null, ""value"": ""ERC000026""}, {""tag"": ""biosample_id"", ""value"": ""SAMEA104176280""}]",EGA00001356592,2017-07-26 21:27:59+02,2023-06-15 15:09:37.67147+02
EGAN00001568636,SAM636361,cell_line,cell line,unknown,SAM636361,EFO:0000322,"[{""tag"": ""ENA-CHECKLIST"", ""unit"": null, ""value"": ""ERC000026""}, {""tag"": ""biosample_id"", ""value"": ""SAMEA104176281""}]",EGA00001356592,2017-07-26 21:27:59+02,2023-06-15 15:09:37.67147+02
EGAN00001568637,SAM637040,cell_line,cell line,unknown,SAM637040,EFO:0000322,"[{""tag"": ""ENA-CHECKLIST"", ""unit"": null, ""value"": ""ERC000026""}, {""tag"": ""biosample_id"", ""value"": ""SAMEA104176282""}]",EGA00001356592,2017-07-26 21:27:59+02,2023-06-15 15:09:37.67147+02
EGAN00001568638,SAM636332,cell_line,cell line,unknown,SAM636332,EFO:0000322,"[{""tag"": ""ENA-CHECKLIST"", ""unit"": null, ""value"": ""ERC000026""}, {""tag"": ""biosample_id"", ""value"": ""SAMEA104176283""}]",EGA00001356592,2017-07-26 21:27:59+02,2023-06-15 15:09:37.67147+02
EGAN00001568639,SAM8979689,cell_line,cell line,unknown,SAM8979689,EFO:0000322,"[{""tag"": ""ENA-CHECKLIST"", ""unit"": null, ""value"": ""ERC000026""}, {""tag"": ""biosample_id"", ""value"": ""SAMEA104176284""}]",EGA00001356592,2017-07-26 21:27:59+02,2023-06-15 15:09:37.67147+02
EGAN00001568640,SAM8979668,cell_line,cell line,unknown,SAM8979668,EFO:0000322,"[{""tag"": ""ENA-CHECKLIST"", ""unit"": null, ""value"": ""ERC000026""}, {""tag"": ""biosample_id"", ""value"": ""SAMEA104176285""}]",EGA00001356592,2017-07-26 21:27:59+02,2023-06-15 15:09:37.67147+02
EGAN00001568641,SAM637016,cell_line,cell line,unknown,SAM637016,EFO:0000322,"[{""tag"": ""ENA-CHECKLIST"", ""unit"": null, ""value"": ""ERC000026""}, {""tag"": ""biosample_id"", ""value"": ""SAMEA104176286""}]",EGA00001356592,2017-07-26 21:27:59+02,2023-06-15 15:09:37.67147+02
EGAN00001568642,SAM8979726,cell_line,cell line,unknown,SAM8979726,EFO:0000322,"[{""tag"": ""ENA-CHECKLIST"", ""unit"": null, ""value"": ""ERC000026""}, {""tag"": ""biosample_id"", ""value"": ""SAMEA104176287""}]",EGA00001356592,2017-07-26 21:27:59+02,2023-06-15 15:09:37.67147+02
EGAN00001568643,SAM635318,cell_line,cell line,unknown,SAM635318,EFO:0000322,"[{""tag"": ""ENA-CHECKLIST"", ""unit"": null, ""value"": ""ERC000026""}, {""tag"": ""biosample_id"", ""value"": ""SAMEA104176288""}]",EGA00001356592,2017-07-26 21:27:59+02,2023-06-15 15:09:37.67147+02
EGAN00001568644,SAM638553,cell_line,cell line,unknown,SAM638553,EFO:0000322,"[{""tag"": ""ENA-CHECKLIST"", ""unit"": null, ""value"": ""ERC000026""}, {""tag"": ""biosample_id"", ""value"": ""SAMEA104176289""}]",EGA00001356592,2017-07-26 21:27:59+02,2023-06-15 15:09:37.67147+02
EGAN00001568645,SAM638672,cell_line,cell line,unknown,SAM638672,EFO:0000322,"[{""tag"": ""ENA-CHECKLIST"", ""unit"": null, ""value"": ""ERC000026""}, {""tag"": ""biosample_id"", ""value"": ""SAMEA104176290""}]",EGA00001356592,2017-07-26 21:27:59+02,2023-06-15 15:09:37.67147+02
EGAN00001568646,SAM636419,cell_line,cell line,unknown,SAM636419,EFO:0000322,"[{""tag"": ""ENA-CHECKLIST"", ""unit"": null, ""value"": ""ERC000026""}, {""tag"": ""biosample_id"", ""value"": ""SAMEA104176291""}]",EGA00001356592,2017-07-26 21:27:59+02,2023-06-15 15:09:37.67147+02
EGAN00001568647,SAM638583,cell_line,cell line,unknown,SAM638583,EFO:0000322,"[{""tag"": ""ENA-CHECKLIST"", ""unit"": null, ""value"": ""ERC000026""}, {""tag"": ""biosample_id"", ""value"": ""SAMEA104176292""}]",EGA00001356592,2017-07-26 21:27:59+02,2023-06-15 15:09:37.67147+02
EGAN00001568648,SAM635694,cell_line,cell line,unknown,SAM635694,EFO:0000322,"[{""tag"": ""ENA-CHECKLIST"", ""unit"": null, ""value"": ""ERC000026""}, {""tag"": ""biosample_id"", ""value"": ""SAMEA104176293""}]",EGA00001356592,2017-07-26 21:27:59+02,2023-06-15 15:09:37.67147+02
EGAN00001568649,SAM637043,cell_line,cell line,unknown,SAM637043,EFO:0000322,"[{""tag"": ""ENA-CHECKLIST"", ""unit"": null, ""value"": ""ERC000026""}, {""tag"": ""biosample_id"", ""value"": ""SAMEA104176294""}]",EGA00001356592,2017-07-26 21:27:59+02,2023-06-15 15:09:37.67147+02
EGAN00001568650,SAM636421,cell_line,cell line,unknown,SAM636421,EFO:0000322,"[{""tag"": ""ENA-CHECKLIST"", ""unit"": null, ""value"": ""ERC000026""}, {""tag"": ""biosample_id"", ""value"": ""SAMEA104176295""}]",EGA00001356592,2017-07-26 21:27:59+02,2023-06-15 15:09:37.67147+02
EGAN00001568651,SAM20882150,cell_line,cell line,unknown,SAM20882150,EFO:0000322,"[{""tag"": ""ENA-CHECKLIST"", ""unit"": null, ""value"": ""ERC000026""}, {""tag"": ""biosample_id"", ""value"": ""SAMEA104176296""}]",EGA00001356592,2017-07-26 21:27:59+02,2023-06-15 15:09:37.67147+02
EGAN00001568652,SAM638651,cell_line,cell line,unknown,SAM638651,EFO:0000322,"[{""tag"": ""ENA-CHECKLIST"", ""unit"": null, ""value"": ""ERC000026""}, {""tag"": ""biosample_id"", ""value"": ""SAMEA104176297""}]",EGA00001356592,2017-07-26 21:27:59+02,2023-06-15 15:09:37.67147+02
EGAN00001568653,SAM638695,cell_line,cell line,unknown,SAM638695,EFO:0000322,"[{""tag"": ""ENA-CHECKLIST"", ""unit"": null, ""value"": ""ERC000026""}, {""tag"": ""biosample_id"", ""value"": ""SAMEA104176298""}]",EGA00001356592,2017-07-26 21:27:59+02,2023-06-15 15:09:37.67147+02
EGAN00001568654,SAM20882303,cell_line,cell line,unknown,SAM20882303,EFO:0000322,"[{""tag"": ""ENA-CHECKLIST"", ""unit"": null, ""value"": ""ERC000026""}, {""tag"": ""biosample_id"", ""value"": ""SAMEA104176299""}]",EGA00001356592,2017-07-26 21:27:59+02,2023-06-15 15:09:37.67147+02
EGAN00001568655,SAM637141,cell_line,cell line,unknown,SAM637141,EFO:0000322,"[{""tag"": ""ENA-CHECKLIST"", ""unit"": null, ""value"": ""ERC000026""}, {""tag"": ""biosample_id"", ""value"": ""SAMEA104176300""}]",EGA00001356592,2017-07-26 21:27:59+02,2023-06-15 15:09:37.67147+02
EGAN00001568656,SAM635711,cell_line,cell line,unknown,SAM635711,EFO:0000322,"[{""tag"": ""ENA-CHECKLIST"", ""unit"": null, ""value"": ""ERC000026""}, {""tag"": ""biosample_id"", ""value"": ""SAMEA104176301""}]",EGA00001356592,2017-07-26 21:27:59+02,2023-06-15 15:09:37.67147+02
EGAN00001568657,SAM635713,cell_line,cell line,unknown,SAM635713,EFO:0000322,"[{""tag"": ""ENA-CHECKLIST"", ""unit"": null, ""value"": ""ERC000026""}, {""tag"": ""biosample_id"", ""value"": ""SAMEA104176302""}]",EGA00001356592,2017-07-26 21:27:59+02,2023-06-15 15:09:37.67147+02
EGAN00001568658,SAM635714,cell_line,cell line,unknown,SAM635714,EFO:0000322,"[{""tag"": ""ENA-CHECKLIST"", ""unit"": null, ""value"": ""ERC000026""}, {""tag"": ""biosample_id"", ""value"": ""SAMEA104176303""}]",EGA00001356592,2017-07-26 21:27:59+02,2023-06-15 15:09:37.67147+02
EGAN00001568659,SAM638685,cell_line,cell line,unknown,SAM638685,EFO:0000322,"[{""tag"": ""ENA-CHECKLIST"", ""unit"": null, ""value"": ""ERC000026""}, {""tag"": ""biosample_id"", ""value"": ""SAMEA104176304""}]",EGA00001356592,2017-07-26 21:28:00+02,2023-06-15 15:09:37.67147+02
EGAN00001568660,SAM636384,cell_line,cell line,unknown,SAM636384,EFO:0000322,"[{""tag"": ""ENA-CHECKLIST"", ""unit"": null, ""value"": ""ERC000026""}, {""tag"": ""biosample_id"", ""value"": ""SAMEA104176305""}]",EGA00001356592,2017-07-26 21:28:00+02,2023-06-15 15:09:37.67147+02
EGAN00001568661,SAM635718,cell_line,cell line,unknown,SAM635718,EFO:0000322,"[{""tag"": ""ENA-CHECKLIST"", ""unit"": null, ""value"": ""ERC000026""}, {""tag"": ""biosample_id"", ""value"": ""SAMEA104176306""}]",EGA00001356592,2017-07-26 21:28:00+02,2023-06-15 15:09:37.67147+02
EGAN00001568662,SAM637018,cell_line,cell line,unknown,SAM637018,EFO:0000322,"[{""tag"": ""ENA-CHECKLIST"", ""unit"": null, ""value"": ""ERC000026""}, {""tag"": ""biosample_id"", ""value"": ""SAMEA104176307""}]",EGA00001356592,2017-07-26 21:28:00+02,2023-06-15 15:09:37.67147+02
